{
    "imgHeight": 720, 
    "imgWidth": 1280, 
    "objects": [
        {
            "id": 0, 
            "label": "white_single_solid_line", 
            "polygon": [
                [
                    288.2260596546311, 
                    719.0
                ], 
                [
                    517.0007802596848, 
                    473.81130960517504
                ], 
                [
                    602.0197094105777, 
                    388.3597141481708
                ], 
                [
                    634.8050157367934, 
                    352.2203949183784
                ], 
                [
                    641.9440097876318, 
                    343.5670687961501
                ]
            ]
        }, 
        {
            "id": 1, 
            "label": "white_single_solid_line", 
            "polygon": [
                [
                    1279.0, 
                    472.2215156395795
                ], 
                [
                    1151.612896104899, 
                    448.208535650396
                ], 
                [
                    888.6777102986636, 
                    396.3288569577683
                ], 
                [
                    727.4307890980997, 
                    369.98654285527505
                ], 
                [
                    712.2874683842002, 
                    366.7415455594395
                ], 
                [
                    677.8904970483428, 
                    353.5452232230413
                ], 
                [
                    661.449177416109, 
                    344.0265644885902
                ]
            ]
        }, 
        {
            "id": 2, 
            "label": "white_single_dotted_line", 
            "polygon": [
                [
                    1088.4772370486658, 
                    719.0
                ], 
                [
                    885.0922854476897, 
                    550.3730728052755
                ], 
                [
                    816.4862164027736, 
                    493.7994741100667
                ], 
                [
                    688.3516483516484, 
                    392.21350078492935
                ], 
                [
                    660.2283384544064, 
                    365.60452295907737
                ], 
                [
                    650.4933465668996, 
                    351.75920116351216
                ], 
                [
                    649.4116808016211, 
                    345.7018728779524
                ]
            ]
        }, 
        {
            "id": 3, 
            "label": "white_single_dotted_line", 
            "polygon": [
                [
                    1279.0, 
                    543.6734693877552
                ], 
                [
                    1176.2329673725792, 
                    510.5426413191227
                ], 
                [
                    733.1459917660951, 
                    373.1443276649179
                ]
            ]
        }
    ]
}